"cog","years","mean_shift_c","min_year_shift_c","max_year_shift_c","max_abs_cell_c","old_mean_c","new_mean_c"
"tmax_annual.tif",76,-0.638600279706784,-0.734499482887045,-0.572453384578189,1.26987552642822,5.15916932625833,4.52056904655155
"tmax_winter.tif",76,-0.514097816293064,-0.680454836122072,-0.371506925534616,1.45550060272217,-7.21747898697605,-7.73157680326911
"tmax_spring.tif",76,-0.626570169767201,-0.800641090950489,-0.411296721786651,1.74900341033936,5.13893925057882,4.51236908081162
"tmax_summer.tif",76,-0.767671884715426,-0.905545492123085,-0.668239990623515,1.59508514404297,17.2998314808952,16.5321595961798
"tmax_fall.tif",76,-0.64606124702761,-0.839475892102642,-0.493364479496672,1.42092132568359,5.41538555972512,4.76932431269751
"tmin_annual.tif",76,-0.308162261201262,-0.387421899646096,-0.239429523724754,0.852171421051025,-3.05668940244994,-3.3648516636512
"tmin_winter.tif",76,-0.415016366355323,-0.592926663195942,-0.272742726364598,1.72508430480957,-13.7395302951106,-14.154546661466
"tmin_spring.tif",76,-0.270383100158931,-0.389980295898294,-0.156817940871478,0.950855731964111,-3.95857354205683,-4.22895664221576
"tmin_summer.tif",76,-0.147223943429581,-0.199830701455813,-0.0977163381733995,0.708328723907471,7.46389041611734,7.31666647268776
"tmin_fall.tif",76,-0.400025636147219,-0.576211860341087,-0.299899031007512,1.2941255569458,-1.99254418804601,-2.39256982419323
